"Department","DistinguishedName","Enabled","GivenName","mail","Manager","Name","ObjectClass","ObjectGUID","OfficePhone","SamAccountName","SID","sn","Surname","Title","UserPrincipalName"
"Executive","CN=Dan Jump","True","Dan","danj@contoso.com",,"Dan Jump","user","b7de08a6-8417-491b-be62-85945a538f46","(425) 555-0179","danj","S-1-5-21-331390976-2650875657-2422772959-1705","Jump","Jump","CEO",
"Operations","CN=Adam Barr","True","Adam","adamb@contoso.com","CN=Dan Jump","Adam Barr","user","7846c22f-d3d8-4e02-8b62-d055d0284783","(206) 555-5472","adamb","S-1-5-21-331390976-2650875657-2422772959-1706","Barr","Barr","General Manager of Professional Services",
"Project Management","CN=Alan Steiner","True","Alan","alans@contoso.com","CN=Adam Barr","Alan Steiner","user","5ff9eed7-6b0d-4b20-bed5-b0b904191880","(206) 555-2443","alans","S-1-5-21-331390976-2650875657-2422772959-1707","Steiner","Steiner","Director of Project Management Team",
"Project Management","CN=Chris Norred","True","Chris","chrisn@contoso.com","CN=Alan Steiner","Chris Norred","user","72d2b1b2-1f94-4d3a-be01-c327e35c72b6","(206) 555-1931","chrisn","S-1-5-21-331390976-2650875657-2422772959-1708","Norred","Norred","Project Manager",
"Operations","CN=Diane Tibbot","True","Diane","dianet@contoso.com","CN=Adam Barr","Diane Tibbot","user","f04f136b-df92-46bf-a161-f2990a823694","(206) 555-9327","dianet","S-1-5-21-331390976-2650875657-2422772959-1709","Tibbot","Tibbot","CFO of Professional Services",
"Engineering","CN=Christine Koch","True","Christine","christk@contoso.com","CN=Adam Barr","Christine Koch","user","bfb3de68-ea0c-4087-a0c8-176f83b674e3","(206) 555-2987","christk","S-1-5-21-331390976-2650875657-2422772959-1710","Koch","Koch","Managing Director",
"Executive","CN=Frank Martinez","True","Frank","frankm1@contoso.com","CN=Dan Jump","Frank Martinez","user","8724dd1b-c401-4487-9ea8-4c224ef67710","(425) 555-0121","frankm1","S-1-5-21-331390976-2650875657-2422772959-1711","Martinez","Martinez","COO",
"Accounting","CN=Karim Manar","True","Karim","karimm@contoso.com","CN=Diane Tibbot","Karim Manar","user","7db937b4-a31a-448f-bc54-7b871e609506","(206) 555-4156","karimm","S-1-5-21-331390976-2650875657-2422772959-1712","Manar","Manar","Controller",
"Sales","CN=Dan Park","True","Dan","danp@contoso.com","CN=Adam Barr","Dan Park","user","242f6e15-e469-4e42-9510-0483f6d019c9","(713) 555-6563","danp","S-1-5-21-331390976-2650875657-2422772959-1713","Park","Park","Vice President NA Sales",
"Executive","CN=Jeff Hay","True","Jeff","jeffh@contoso.com","CN=Frank Martinez","Jeff Hay","user","0b23837b-8fdb-4edf-a50b-325ed0625086","(425) 555-0187","jeffh","S-1-5-21-331390976-2650875657-2422772959-1714","Hay","Hay","CVP of Operations",
"IT Administrators","CN=Garth Fort","True","Garth","garthf@contoso.com","CN=Karim Manar","Garth Fort","user","09636eb3-0cab-4051-9606-37c549330110","(206) 555-8258","garthf","S-1-5-21-331390976-2650875657-2422772959-1715","Fort","Fort","HR Manager",
"Strategy Consulting","CN=Cesar Garcia","True","Cesar","cesarg@contoso.com","CN=Christine Koch","Cesar Garcia","user","8ad45b6d-8c85-496a-a2d9-78422c4ee663","(212) 555-4178","cesarg","S-1-5-21-331390976-2650875657-2422772959-1716","Garcia","Garcia","Strategy Consulting Manager",
"Executive","CN=Christa Geller","True","Christa","christg@contoso.com","CN=Jeff Hay","Christa Geller","user","99612e2d-ea29-44ed-bc7e-bd17d5fd84a7","(425) 555-0177","christg","S-1-5-21-331390976-2650875657-2422772959-1717","Geller","Geller","CVP of Online",
"Human Resources","CN=Jack Creasey","True","Jack","jackc@contoso.com","CN=Dan Park","Jack Creasey","user","2a43d793-7367-4a3e-8c6e-5ec955a52038","(206) 555-4676","jackc","S-1-5-21-331390976-2650875657-2422772959-1718","Creasey","Creasey","Managing Director",
"Strategy Consulting","CN=David Maman","True","David","davidm@contoso.com","CN=Christine Koch","David Maman","user","f88a171c-b337-4c26-9c4b-824bb74a0729","(212) 555-2867","davidm","S-1-5-21-331390976-2650875657-2422772959-1719","Maman","Maman","Strategy Consulting Manager",
"Sales","CN=Alan Brewer","True","Alan","alanb@contoso.com","CN=Jack Creasey","Alan Brewer","user","9476eed7-4e97-4378-b0be-0d8ca07906fd","(804) 555-2217","alanb","S-1-5-21-331390976-2650875657-2422772959-1720","Brewer","Brewer","Regional Sales Manager",
"Human Resources","CN=David Simpson","True","David","davids@contoso.com","CN=Alan Brewer","David Simpson","user","4d339518-1c4e-46dd-8024-829f555b1562","(206) 555-1123","davids","S-1-5-21-331390976-2650875657-2422772959-1721","Simpson","Simpson","Sales Manager",
"Senior Management","CN=Anna Lidman","True","Anna","annal@contoso.com","CN=Christa Geller","Anna Lidman","user","d70e0bad-9aca-44c7-94cb-12bc7ca5f222","(425) 555-0172","annal","S-1-5-21-331390976-2650875657-2422772959-1722","Lidman","Lidman","SVP of Online Services",
"Sales","CN=Eduard Dell","True","Eduard","eduardd@contoso.com","CN=Jack Creasey","Eduard Dell","user","37b056d8-f63e-412b-b172-63d60d35ea56","(360) 555-4638","eduardd","S-1-5-21-331390976-2650875657-2422772959-1723","Dell","Dell","Regional Sales Manager",
"Sales","CN=Spencer Low","True","Spencer","spencel@contoso.com","CN=Jack Creasey","Spencer Low","user","72bd066c-d0ac-4e94-af41-11bd70dd7d40","(253) 555-7934","spencel","S-1-5-21-331390976-2650875657-2422772959-1724","Low","Low","Regional Sales Manager",
"Operations","CN=Kelly Weadock","True","Kelly","kellyw@contoso.com","CN=Adam Barr","Kelly Weadock","user","50c573a3-0619-4e1b-b433-401a333c7372","(206) 555-8936","kellyw","S-1-5-21-331390976-2650875657-2422772959-1725","Weadock","Weadock","CTO of Professional Services",
"Senior Management","CN=Molly Clark","True","Molly","mollyc@contoso.com","CN=Anna Lidman","Molly Clark","user","e644bedd-9b3a-4fa5-be62-f027f2e97dd5","(425) 555-0192","mollyc","S-1-5-21-331390976-2650875657-2422772959-1726","Clark","Clark","GM of Online Ad Sales and Affiliate Marketing",
"Sales","CN=Larry Zhang","True","Larry","larryz@contoso.com","CN=Jack Creasey","Larry Zhang","user","5f35988c-afb1-4107-9b1a-935f91f3bf71","(914) 555-7414","larryz","S-1-5-21-331390976-2650875657-2422772959-1727","Zhang","Zhang","Regional Sales Manager",
"Operations","CN=Arturo Lopez","True","Arturo","arturol@contoso.com","CN=Kelly Weadock","Arturo Lopez","user","a528dc1d-0042-484d-81cb-dc58c95d8147","(206) 555-3186","arturol","S-1-5-21-331390976-2650875657-2422772959-1728","Lopez","Lopez","IT Director",
"Sales","CN=April Stewart","True","April","aprils@contoso.com","CN=Eduard Dell","April Stewart","user","2bfaa552-d9a5-41e9-a6c3-5be62b4433c8","(312) 555-5454","aprils","S-1-5-21-331390976-2650875657-2422772959-1729","Stewart","Stewart","Sales Manager",
"Strategy Consulting","CN=Aaron Painter","True","Aaron","aaronp@contoso.com","CN=Christine Koch","Aaron Painter","user","907dbfd3-298a-4388-8dd9-707760dd3092","(212) 555-8335","aaronp","S-1-5-21-331390976-2650875657-2422772959-1730","Painter","Painter","Strategy Consulting Manager",
"Project Management","CN=Andrew Ma","True","Andrew","andrewm@contoso.com","CN=Alan Steiner","Andrew Ma","user","d7777583-6b90-40eb-91a8-6f2bf2791f4e","(206) 555-6345","andrewm","S-1-5-21-331390976-2650875657-2422772959-1731","Ma","Ma","Senior Project Manager",
"Marketing","CN=Diane Prescott","True","Diane","dianep@contoso.com","CN=Molly Clark","Diane Prescott","user","99fc0f94-9573-477f-8e02-ca842e069b8c","(425) 555-0164","dianep","S-1-5-21-331390976-2650875657-2422772959-1732","Prescott","Prescott","Director of Ad Sales",
"Human Resources","CN=Arthur Yasinski","True","Arthur","arthury@contoso.com","CN=Spencer Low","Arthur Yasinski","user","6a11df26-6b53-4baf-b3c8-25add379d21f","(214) 555-3187","arthury","S-1-5-21-331390976-2650875657-2422772959-1733","Yasinski","Yasinski","Sales Manager",
"Strategy Consulting","CN=Brad Sutton","True","Brad","brads@contoso.com","CN=Christine Koch","Brad Sutton","user","22b24470-babd-435b-9349-23c1bcadd849","(212) 555-9758","brads","S-1-5-21-331390976-2650875657-2422772959-1734","Sutton","Sutton","Strategy Consulting Manager",
"IT Administrators","CN=Amy Alberts","True","Amy","amya@contoso.com","CN=Garth Fort","Amy Alberts","user","d24e5009-dcf1-4d20-9aa3-874a83283cf0","(206) 555-1346","amya","S-1-5-21-331390976-2650875657-2422772959-1735","Alberts","Alberts","HR Manager",
"Sales","CN=Steve Luper","True","Steve","stevel@contoso.com","CN=Jack Creasey","Steve Luper","user","1f666335-b35b-4db6-ad36-a8c93358c611","(619) 555-7772","stevel","S-1-5-21-331390976-2650875657-2422772959-1736","Luper","Luper","Regional Sales Manager",
"Senior Management","CN=Julian Isla","True","Julian","juliani@contoso.com","CN=Molly Clark","Julian Isla","user","81066423-effe-4a10-aa35-4aa10ae0510c","(425) 555-0184","juliani","S-1-5-21-331390976-2650875657-2422772959-1737","Isla","Isla","Sr. Business Development Manager",
"Project Management","CN=Scott Bishop","True","Scott","scottb@contoso.com","CN=Alan Steiner","Scott Bishop","user","1eb018bb-7347-46fd-8d83-35ad5aaa731e","(206) 555-9977","scottb","S-1-5-21-331390976-2650875657-2422772959-1738","Bishop","Bishop","Senior Project Manager",
"Marketing","CN=Kelly Krout","True","Kelly","kellyk@contoso.com","CN=Adam Barr","Kelly Krout","user","7139b430-f5e4-4dc2-8b1f-1921b54f42a5","(206) 555-6511","kellyk","S-1-5-21-331390976-2650875657-2422772959-1739","Krout","Krout","Marketing Manager",
"IT Support","CN=Stan Orme","True","Stan","stano@contoso.com","CN=Alan Steiner","Stan Orme","user","e89f603c-3707-49a1-92ad-dc6a231b32f8","(206) 555-6169","stano","S-1-5-21-331390976-2650875657-2422772959-1740","Orme","Orme","IT Support Manager",
"Project Management","CN=Mike Nash","True","Mike","miken@contoso.com","CN=Alan Steiner","Mike Nash","user","acacc661-f71d-490a-9cb8-0b7bdfe7c669","(206) 555-8148","miken","S-1-5-21-331390976-2650875657-2422772959-1741","Nash","Nash","Senior Project Manager",
"Strategy Consulting","CN=Jenni Merrifield","True","Jenni","jennim@contoso.com","CN=David Maman","Jenni Merrifield","user","6884a642-9966-442a-ac80-6dfed9442a5b","(206) 555-3965","jennim","S-1-5-21-331390976-2650875657-2422772959-1742","Merrifield","Merrifield","Strategy Consultant",
"Operations","CN=Keith Dishmo","True","Keith","keithd@contoso.com","CN=Adam Barr","Keith Dishmo","user","b1bb9fc3-dcb0-4328-8d91-6d88ee78bc2d","(206) 555-7436","keithd","S-1-5-21-331390976-2650875657-2422772959-1743","Dishmo","Dishmo","Procurement Manager",
"Sales","CN=Jose Saraiva","True","Jose","joses@contoso.com","CN=Larry Zhang","Jose Saraiva","user","7e28daa4-228f-46fc-b8f1-f35d7e4ed03e","(206) 555-9337","joses","S-1-5-21-331390976-2650875657-2422772959-1744","Saraiva","Saraiva","Sales Manager",
"Human Resources","CN=Lene Aalling","True","Lene","lenea@contoso.com","CN=Steve Luper","Lene Aalling","user","309409a4-150e-44e3-93c5-f08458b243ee","(701) 555-3621","lenea","S-1-5-21-331390976-2650875657-2422772959-1745","Aalling","Aalling","Sales Manager",
"Project Management","CN=Barry Johnson","True","Barry","barryj@contoso.com","CN=Alan Steiner","Barry Johnson","user","23072c6f-3814-4be2-b4f1-ea74a3df4e40","(206) 555-8673","barryj","S-1-5-21-331390976-2650875657-2422772959-1746","Johnson","Johnson","Project Manager",
"Strategy Consulting","CN=Ellen Adams","True","Ellen","ellena@contoso.com","CN=Christine Koch","Ellen Adams","user","d856c97a-a02f-4b78-b966-1ea9cb9f28e7","(212) 555-1397","ellena","S-1-5-21-331390976-2650875657-2422772959-1747","Adams","Adams","Strategy Consulting Manager",
"Operations","CN=Ben Spain","True","Ben","bens@contoso.com","CN=Adam Barr","Ben Spain","user","c9b92bc2-af45-453d-a6cf-00ce57cbdc3d","(206) 555-8216","bens","S-1-5-21-331390976-2650875657-2422772959-1748","Spain","Spain","Manager",
"Engineering Operations","CN=David Zazzo","True","David","davidz@contoso.com","CN=Adam Barr","David Zazzo","user","8b066919-9f6c-4e45-8afe-7be6ab97853c","(206) 555-4122","davidz","S-1-5-21-331390976-2650875657-2422772959-1749","Zazzo","Zazzo","Managing Director",
"Engineering Operations","CN=Carol Troup","True","Carol","carolt@contoso.com","CN=David Zazzo","Carol Troup","user","33d6a6a2-3615-4f0c-aa26-c15016432a24","(206) 555-7223","carolt","S-1-5-21-331390976-2650875657-2422772959-1750","Troup","Troup","Strategy Consulting Manager",
"Operations","CN=Erika Cheley","True","Erika","erikac@contoso.com","CN=Ben Spain","Erika Cheley","user","a29140f9-13c6-4849-9890-0687072dece8","(206) 555-1242","erikac","S-1-5-21-331390976-2650875657-2422772959-1751","Cheley","Cheley","Manager",
"Project Management","CN=Brian Groth","True","Brian","briang@contoso.com","CN=Barry Johnson","Brian Groth","user","49576048-c1ae-4c61-b876-2608434f81ed","(206) 555-9642","briang","S-1-5-21-331390976-2650875657-2422772959-1752","Groth","Groth","Project Manager",
"CRM Strategy","CN=Syed Abbas","True","Syed","syeda@contoso.com","CN=Aaron Painter","Syed Abbas","user","2cfdb538-a03d-44b1-a0f2-b7ef32b713a7","(20) 5555-4595","syeda","S-1-5-21-331390976-2650875657-2422772959-1753","Abbas","Abbas","CRM Consulting Manager",
"IT Support","CN=Peder Thode","True","Peder","pedert@contoso.com","CN=Stan Orme","Peder Thode","user","45a85a2d-37c8-47e6-9a5a-6f6bc2c7421e","(20) 5555-7862","pedert","S-1-5-21-331390976-2650875657-2422772959-1754","Thode","Thode","Content Management Consultant",
"IT Support","CN=Mary Cha","True","Mary","maryc@contoso.com","CN=Stan Orme","Mary Cha","user","87d72a92-cf0c-40f5-b5a2-075d0fc9da0b","(20) 5555-4594","maryc","S-1-5-21-331390976-2650875657-2422772959-1755","Cha","Cha","Content Management Consultant",
"IT Support","CN=Lisa Andrews","True","Lisa","lisaa@contoso.com","CN=Stan Orme","Lisa Andrews","user","5b517785-ce63-4d9e-9564-75f60db5baa4","(20) 5555-7545","lisaa","S-1-5-21-331390976-2650875657-2422772959-1756","Andrews","Andrews","Content Management Consultant",
"IT Support","CN=Jim Lucey","True","Jim","jiml@contoso.com","CN=Stan Orme","Jim Lucey","user","49b7abb0-7c7e-4052-907c-16f5825683eb","(20) 5555-1626","jiml","S-1-5-21-331390976-2650875657-2422772959-1757","Lucey","Lucey","Content Management Consultant",
"IT Support","CN=Gareth Chan","True","Gareth","garethc@contoso.com","CN=Stan Orme","Gareth Chan","user","6cfde6df-e2d3-4958-8697-ef78729cbe51","(20) 5555-5894","garethc","S-1-5-21-331390976-2650875657-2422772959-1758","Chan","Chan","Content Management Consultant",
"CRM Strategy","CN=Karin Lamb","True","Karin","karinl@contoso.com","CN=Syed Abbas","Karin Lamb","user","011a88bc-7df9-4d92-ba1f-2ff319e101e1","(20) 5555-9834","karinl","S-1-5-21-331390976-2650875657-2422772959-1759","Lamb","Lamb","CRM Consultant",
"IT Support","CN=David Hamilton","True","David","davidh@contoso.com","CN=Stan Orme","David Hamilton","user","d37da227-e452-489e-bf60-b8d87a4c32c0","(20) 5555-7963","davidh","S-1-5-21-331390976-2650875657-2422772959-1760","Hamilton","Hamilton","CRM Consultant",
"CRM Strategy","CN=Merav Sror","True","Merav","meravs@contoso.com","CN=Syed Abbas","Merav Sror","user","19810018-8a60-4216-8597-80262e5712d0","(20) 5555-2697","meravs","S-1-5-21-331390976-2650875657-2422772959-1761","Sror","Sror","CRM Consultant",
"IT Support","CN=Reina Cabatana","True","Reina","reinac@contoso.com","CN=Stan Orme","Reina Cabatana","user","cedb0e6a-9974-4293-8286-7dc8f5985e8a","(20) 5555-3658","reinac","S-1-5-21-331390976-2650875657-2422772959-1762","Cabatana","Cabatana","Content Management Consultant",
"IT Support","CN=Robin Young","True","Robin","robiny@contoso.com","CN=Stan Orme","Robin Young","user","a7123b9f-1060-4213-b5bb-f971303cf182","(212) 555-4428","robiny","S-1-5-21-331390976-2650875657-2422772959-1763","Young","Young","Content Management Consultant",
"IT Support","CN=Peter Saddow","True","Peter","peters@contoso.com","CN=Stan Orme","Peter Saddow","user","7c2df1cf-6aef-4b5a-8666-e8fbe1f97663","(212) 555-9437","peters","S-1-5-21-331390976-2650875657-2422772959-1764","Saddow","Saddow","Content Management Consultant",
"IT Support","CN=Vladimir Egorov","True","Vladimir","vladime@contoso.com","CN=Stan Orme","Vladimir Egorov","user","c664caf1-1023-4a0d-a90d-ec891eb89e61","(212) 555-9441","vladime","S-1-5-21-331390976-2650875657-2422772959-1765","Egorov","Egorov","Content Management Consultant",
"IT Support","CN=Esther Valle","True","Esther","estherv@contoso.com","CN=Stan Orme","Esther Valle","user","b5dfbef4-8ca8-49f5-a2de-4af33b175552","(20) 5555-8548","estherv","S-1-5-21-331390976-2650875657-2422772959-1766","Valle","Valle","Content Management Consultant",
"Strategy Consulting","CN=Lori Kane","True","Lori","lorik@contoso.com","CN=Brad Sutton","Lori Kane","user","f5a2b7f2-35c5-471e-a8c7-4569ad2861f5","(206) 555-5292","lorik","S-1-5-21-331390976-2650875657-2422772959-1767","Kane","Kane","Strategy Consultant",
"Engineering Operations","CN=Cliff Diddier","True","Cliff","cliffd@contoso.com","CN=Carol Troup","Cliff Diddier","user","8e18794b-7b4d-4375-b3cd-bcf6199926da","(206) 555-3748","cliffd","S-1-5-21-331390976-2650875657-2422772959-1768","Diddier","Diddier","Engineer",
"Engineering Operations","CN=Chen Yang","True","Chen","cheny@contoso.com","CN=Carol Troup","Chen Yang","user","7e60ff5a-c38b-4815-8f00-61b269a8f083","(206) 555-6173","cheny","S-1-5-21-331390976-2650875657-2422772959-1769","Yang","Yang","Engineer",
"Engineering Operations","CN=Bernard Tham","True","Bernard","bernart@contoso.com","CN=Carol Troup","Bernard Tham","user","51ae8f34-698e-4651-a429-2cb825cbe449","(206) 555-3119","bernart","S-1-5-21-331390976-2650875657-2422772959-1770","Tham","Tham","Engineer",
"Engineering Operations","CN=Ari Suominen","True","Ari","aris@contoso.com","CN=Carol Troup","Ari Suominen","user","74de80f2-9eab-4c4c-8df5-af0dc32f16ca","(206) 555-7231","aris","S-1-5-21-331390976-2650875657-2422772959-1771","Suominen","Suominen","Engineer",
"CEO","CN=Anu Deshpande","True","Anu","anud@contoso.com","CN=Carol Troup","Anu Deshpande","user","eaea736d-6e68-4047-bb22-ca7f8a793ccb","(206) 555-6699","anud","S-1-5-21-331390976-2650875657-2422772959-1772","Deshpande","Deshpande","Engineer",
"Engineering Operations","CN=Allan Guinot","True","Allan","allang@contoso.com","CN=Carol Troup","Allan Guinot","user","5914122f-d433-4094-9a83-7fcbdcecaec6","(206) 555-6127","allang","S-1-5-21-331390976-2650875657-2422772959-1773","Guinot","Guinot","Engineer",
"CRM Strategy","CN=Toby Nixon","True","Toby","tobyn@contoso.com","CN=Syed Abbas","Toby Nixon","user","9149465d-e566-4c1a-801d-8d01c3c00dea","(20) 5555-4379","tobyn","S-1-5-21-331390976-2650875657-2422772959-1774","Nixon","Nixon","CRM Consultant",
"CRM Strategy","CN=Tad Orman","True","Tad","tado@contoso.com","CN=Syed Abbas","Tad Orman","user","dbf9f74b-86a4-4341-aaca-49c7ccbe7485","(20) 5555-4625","tado","S-1-5-21-331390976-2650875657-2422772959-1775","Orman","Orman","CRM Consultant",
"CRM Strategy","CN=Jeff Williams","True","Jeff","jeffw@contoso.com","CN=Syed Abbas","Jeff Williams","user","b739469e-df71-454e-ac05-3fc3e8baeeaf","(20) 5555-2592","jeffw","S-1-5-21-331390976-2650875657-2422772959-1776","Williams","Williams","CRM Consultant",
"Strategy Consulting","CN=Frank Miller","True","Frank","frankm@contoso.com","CN=David Maman","Frank Miller","user","dece205a-6795-433d-99a3-2ba2f993cfff","(212) 555-5231","frankm","S-1-5-21-331390976-2650875657-2422772959-1777","Miller","Miller","Strategy Consultant",
"Strategy Consulting","CN=William Vong","True","William","williav@contoso.com","CN=Cesar Garcia","William Vong","user","cc0fab94-80c4-40c6-bad2-e9cf5eef6f2b","(212) 555-5864","williav","S-1-5-21-331390976-2650875657-2422772959-1778","Vong","Vong","Strategy Consultant",
"Strategy Consulting","CN=Sameer Tejani","True","Sameer","sameert@contoso.com","CN=Ellen Adams","Sameer Tejani","user","d0195cfd-7e9a-4ee8-b838-ec43edba4c68","(212) 555-5422","sameert","S-1-5-21-331390976-2650875657-2422772959-1779","Tejani","Tejani","Strategy Consultant",
"Strategy Consulting","CN=Jon Jaffe","True","Jon","jonj@contoso.com","CN=Brad Sutton","Jon Jaffe","user","be7519a0-a110-4627-914f-03038b7bc4d1","(206) 555-5499","jonj","S-1-5-21-331390976-2650875657-2422772959-1780","Jaffe","Jaffe","Strategy Consultant",
"Strategy Consulting","CN=Mike Ray","True","Mike","miker@contoso.com","CN=David Maman","Mike Ray","user","c70fcbcf-e7bc-4e23-bd15-139963b85547","(212) 555-1665","miker","S-1-5-21-331390976-2650875657-2422772959-1781","Ray","Ray","Strategy Consultant",
"IT Support","CN=Robert O'Hara","True","Robert","roberto@contoso.com","CN=Stan Orme","Robert O'Hara","user","559cc2f4-1762-40a0-9d58-cd724781215c","(206) 555-3434","roberto","S-1-5-21-331390976-2650875657-2422772959-1782","O'Hara","O'Hara","Content Management Consultant",
"Strategy Consulting","CN=Lisa Miller","True","Lisa","lisam@contoso.com","CN=Cesar Garcia","Lisa Miller","user","6337b7f5-b5ad-4931-b33a-9df49f032922","(206) 555-7947","lisam","S-1-5-21-331390976-2650875657-2422772959-1783","Miller","Miller","Strategy Consultant",
"CRM Strategy","CN=Jason Carlson","True","Jason","jasonc@contoso.com","CN=Syed Abbas","Jason Carlson","user","5e5d6b8f-1344-4e70-a962-b952caeed4c1","(20) 5555-6548","jasonc","S-1-5-21-331390976-2650875657-2422772959-1784","Carlson","Carlson","CRM Consultant",
"Strategy Consulting","CN=Jim Corbin","True","Jim","jimc@contoso.com","CN=David Maman","Jim Corbin","user","49c4721e-48b4-48b2-997f-633fb4afb540","(206) 555-8157","jimc","S-1-5-21-331390976-2650875657-2422772959-1785","Corbin","Corbin","Strategy Consultant",
"Strategy Consulting","CN=Jesus Escolar","True","Jesus","jesuse@contoso.com","CN=Aaron Painter","Jesus Escolar","user","49ee2aac-d40f-46a2-8520-0218b5e42a49","(206) 555-5784","jesuse","S-1-5-21-331390976-2650875657-2422772959-1786","Escolar","Escolar","Strategy Consultant",
"Strategy Consulting","CN=Idan Rubin","True","Idan","idanr@contoso.com","CN=Brad Sutton","Idan Rubin","user","0d15bba1-f9e9-48d1-98e2-34d2407e6f86","(206) 555-5862","idanr","S-1-5-21-331390976-2650875657-2422772959-1787","Rubin","Rubin","Strategy Consultant",
"Strategy Consulting","CN=Don Hall","True","Don","donh@contoso.com","CN=Ellen Adams","Don Hall","user","dcc10729-8dbe-426d-b6ac-0a95e9a2f0d7","(206) 555-3518","donh","S-1-5-21-331390976-2650875657-2422772959-1788","Hall","Hall","Strategy Consultant",
"Strategy Consulting","CN=Blaine Dockter","True","Blaine","blained@contoso.com","CN=Ellen Adams","Blaine Dockter","user","8550e839-78e9-4c42-85b7-1bfdf8aa8ed6","(206) 555-4484","blained","S-1-5-21-331390976-2650875657-2422772959-1789","Dockter","Dockter","Strategy Consultant",
"Strategy Consulting","CN=Anne Weiler","True","Anne","annew@contoso.com","CN=Cesar Garcia","Anne Weiler","user","4b6ea132-e8fa-4d67-b0e9-c194d201309d","(206) 555-6443","annew","S-1-5-21-331390976-2650875657-2422772959-1790","Weiler","Weiler","Strategy Consultant",
"Strategy Consulting","CN=Allison Brown","True","Allison","allisob@contoso.com","CN=Aaron Painter","Allison Brown","user","dda65c86-f801-448a-b447-823aee708d4e","(206) 555-5461","allisob","S-1-5-21-331390976-2650875657-2422772959-1791","Brown","Brown","Strategy Consultant",
"Engineering Operations","CN=Valery Ushakov","True","Valery","valeryu@contoso.com","CN=Carol Troup","Valery Ushakov","user","4bbaa4f6-bf32-4895-a632-147b0450d68a","(206) 555-3599","valeryu","S-1-5-21-331390976-2650875657-2422772959-1792","Ushakov","Ushakov","Engineer",
"CRM Strategy","CN=Tosh Meston","True","Tosh","toshm@contoso.com","CN=Syed Abbas","Tosh Meston","user","e01a7ab1-0498-4364-86cc-7b22410d48f3","(20) 5555-1394","toshm","S-1-5-21-331390976-2650875657-2422772959-1793","Meston","Meston","CRM Consultant",
"IT Support","CN=Sanjay Patel","True","Sanjay","sanjayp@contoso.com","CN=Stan Orme","Sanjay Patel","user","eddf81c2-bd05-46d7-9795-e7890e209b45","(206) 555-5542","sanjayp","S-1-5-21-331390976-2650875657-2422772959-1794","Patel","Patel","Content Management Consultant",
"Strategy Consulting","CN=Roland Wacker","True","Roland","rolandw@contoso.com","CN=Aaron Painter","Roland Wacker","user","61239bbd-fdeb-422b-8efe-40edc8dffaaf","(212) 555-8236","rolandw","S-1-5-21-331390976-2650875657-2422772959-1795","Wacker","Wacker","Strategy Consultant",
"IT Staff","CN=David Derwin","True","David","davidd@contoso.com","CN=Brian Groth","David Derwin","user","fcb614d3-c39a-4781-b7bd-8b96f5a5100d","(206) 555-7749","davidd","S-1-5-21-331390976-2650875657-2422772959-1796","Derwin","Derwin","Project Manager",
"Strategy Consulting","CN=John Yokum","True","John","johny@contoso.com","CN=Ellen Adams","John Yokum","user","90291c8d-f900-4762-96ad-c2eb1002686d","(206) 555-8147","johny","S-1-5-21-331390976-2650875657-2422772959-1797","Yokum","Yokum","Strategy Consultant",
"IT Staff","CN=Scott Rockfield","True","Scott","scottr@contoso.com","CN=Brian Groth","Scott Rockfield","user","23239dc3-116b-4947-8e54-37a574aace9e","(206) 555-5233","scottr","S-1-5-21-331390976-2650875657-2422772959-1798","Rockfield","Rockfield","Project Manager",
"IT Staff","CN=Humberto Acevedo","True","Humberto","humbera@contoso.com","CN=Brian Groth","Humberto Acevedo","user","cff32e30-7047-4c64-a1d6-04d478287546","(206) 555-9549","humbera","S-1-5-21-331390976-2650875657-2422772959-1799","Acevedo","Acevedo","Project Manager",
"IT Staff","CN=David So","True","David","davids1@contoso.com","CN=Brian Groth","David So","user","b330d274-7fcd-450d-af45-1eaceca06a4c","(206) 555-1459","davids1","S-1-5-21-331390976-2650875657-2422772959-1800","So","So","Project Manager",
"IT Staff","CN=Anders Madsen","True","Anders","andersm@contoso.com","CN=Brian Groth","Anders Madsen","user","09613928-992c-4328-8024-7e22919ef2b3","(206) 555-7593","andersm","S-1-5-21-331390976-2650875657-2422772959-1801","Madsen","Madsen","Project Manager",
"IT Staff","CN=Alexandre Silva","True","Alexandre","alexans@contoso.com","CN=Brian Groth","Alexandre Silva","user","2ff50834-a953-426c-a3f4-397e2c7ad961","(206) 555-5413","alexans","S-1-5-21-331390976-2650875657-2422772959-1802","Silva","Silva","Project Manager",
"IT Staff","CN=Stuart Munson","True","Stuart","stuartm@contoso.com","CN=Brian Groth","Stuart Munson","user","eb91a45a-463d-4fd8-9036-cbacc05860a5","(206) 555-9366","stuartm","S-1-5-21-331390976-2650875657-2422772959-1803","Munson","Munson","Project Manager",
"IT Staff","CN=Qiong Wu","True","Qiong","qiongw@contoso.com","CN=Brian Groth","Qiong Wu","user","98610f21-6f4a-4c66-8b52-006eb7c51ba2","(206) 555-2342","qiongw","S-1-5-21-331390976-2650875657-2422772959-1804","Wu","Wu","Project Manager",
"IT Staff","CN=Michiko Osada","True","Michiko","michiko@contoso.com","CN=Brian Groth","Michiko Osada","user","b3f2cfc1-1e7f-45e3-b54c-1ea8d259f68d","(206) 555-1577","michiko","S-1-5-21-331390976-2650875657-2422772959-1805","Osada","Osada","Project Manager",
"IT Staff","CN=Michael Zeman","True","Michael","michaez@contoso.com","CN=Brian Groth","Michael Zeman","user","530fc08d-2ab3-499c-8ba8-f4ad7af64b5d","(206) 555-7177","michaez","S-1-5-21-331390976-2650875657-2422772959-1806","Zeman","Zeman","Project Manager",
"IT Staff","CN=Maurice Taylor","True","Maurice","maurict@contoso.com","CN=Brian Groth","Maurice Taylor","user","a0c37074-eea7-4cf6-8fae-9d94353b9beb","(206) 555-3382","maurict","S-1-5-21-331390976-2650875657-2422772959-1807","Taylor","Taylor","Project Manager",
"IT Staff","CN=Guido Pica","True","Guido","guidop@contoso.com","CN=Brian Groth","Guido Pica","user","ca7c1c08-3cac-4b77-bb44-4a7cccd7b72c","(206) 555-4724","guidop","S-1-5-21-331390976-2650875657-2422772959-1808","Pica","Pica","Project Manager",
"IT Staff","CN=Jessica Arnold","True","Jessica","jessica@contoso.com","CN=Brian Groth","Jessica Arnold","user","88854ebf-d74b-4648-ae25-6a79e2e762c7","(206) 555-3415","jessica","S-1-5-21-331390976-2650875657-2422772959-1809","Arnold","Arnold","Project Manager",
"Accounting","CN=Chase Carpenter","True","Chase","chasec@contoso.com","CN=Karim Manar","Chase Carpenter","user","60f87580-1572-419c-88ee-2e8424732e0e","(206) 555-9764","chasec","S-1-5-21-331390976-2650875657-2422772959-1810","Carpenter","Carpenter","Accountant",
"IT Staff","CN=Terrence Phillip","True","Terrence","terrenp@contoso.com","CN=Jenni Merrifield","Terrence Phillip","user","bb00ed50-bc69-4871-bdbf-fadf5be62dd0","(206) 555-1678","terrenp","S-1-5-21-331390976-2650875657-2422772959-1811","Phillip","Phillip","Strategy Consultant",
"IT Staff","CN=Hugo Garcia","True","Hugo","hugog@contoso.com","CN=Jenni Merrifield","Hugo Garcia","user","bc0cc68b-a9a2-4196-9ec9-e788801c4ab7","(206) 555-6852","hugog","S-1-5-21-331390976-2650875657-2422772959-1812","Garcia","Garcia","Strategy Consultant",
"IT Staff","CN=Jeremy Los","True","Jeremy","jeremyl@contoso.com","CN=Jenni Merrifield","Jeremy Los","user","1e7897e2-c122-47f2-9d7f-534b584776eb","(206) 555-8792","jeremyl","S-1-5-21-331390976-2650875657-2422772959-1813","Los","Los","Strategy Consultant",
"IT Staff","CN=John Ganio","True","John","johng@contoso.com","CN=Jenni Merrifield","John Ganio","user","2859685c-a540-43bf-b161-9ea55e462395","(206) 555-6235","johng","S-1-5-21-331390976-2650875657-2422772959-1814","Ganio","Ganio","Strategy Consultant",
"IT Staff","CN=Lina Abola","True","Lina","linaa@contoso.com","CN=Jenni Merrifield","Lina Abola","user","21381b8e-94bb-43df-a37a-6ce89324f411","(206) 555-4666","linaa","S-1-5-21-331390976-2650875657-2422772959-1815","Abola","Abola","Strategy Consultant",
"IT Staff","CN=Mark Hanson","True","Mark","markh@contoso.com","CN=Jenni Merrifield","Mark Hanson","user","c6083bbc-d33d-4ee6-b1d2-623893b47535","(206) 555-7794","markh","S-1-5-21-331390976-2650875657-2422772959-1816","Hanson","Hanson","Strategy Consultant",
"IT Staff","CN=Jaka Stele","True","Jaka","jakas@contoso.com","CN=Brian Groth","Jaka Stele","user","41e635b7-adc4-4bd4-bfcc-21dfdb116222","(206) 555-6963","jakas","S-1-5-21-331390976-2650875657-2422772959-1817","Stele","Stele","Project Manager",
"IT Staff","CN=Steven Wright","True","Steven","stevenw@contoso.com","CN=Jenni Merrifield","Steven Wright","user","936a0c68-bb88-44fd-8139-4eb75ec77f73","(206) 555-3155","stevenw","S-1-5-21-331390976-2650875657-2422772959-1818","Wright","Wright","Strategy Consultant",
"IT Staff","CN=Dough Mahugh","True","Dough","doughm@contoso.com","CN=Brian Groth","Dough Mahugh","user","8f2ba7bb-e55c-4f06-b8fc-c2f1595b684f","(206) 555-7139","doughm","S-1-5-21-331390976-2650875657-2422772959-1819","Mahugh","Mahugh","Project Manager",
"IT Staff","CN=Andrea Dunker","True","Andrea","andread@contoso.com","CN=Brian Groth","Andrea Dunker","user","e9008cec-b2a8-4f45-91b1-6a09ae10cd47","(206) 555-1413","andread","S-1-5-21-331390976-2650875657-2422772959-1820","Dunker","Dunker","Project Manager",
"IT Staff","CN=Carlos Grilo","True","Carlos","carlosg@contoso.com","CN=Brian Groth","Carlos Grilo","user","d7fc5e1b-279d-4263-8e46-50ddf3031fea","(206) 555-4536","carlosg","S-1-5-21-331390976-2650875657-2422772959-1821","Grilo","Grilo","Project Manager",
"IT Staff","CN=Chris McGurk","True","Chris","chrism@contoso.com","CN=Brian Groth","Chris McGurk","user","0a15a779-2a72-43c3-8002-850ab93db8f0","(206) 555-1833","chrism","S-1-5-21-331390976-2650875657-2422772959-1822","McGurk","McGurk","Project Manager",
"IT Staff","CN=Dan Bacon","True","Dan","danb@contoso.com","CN=Brian Groth","Dan Bacon","user","1566b672-2488-4b58-ab09-9b62d3a4b9a5","(206) 555-2464","danb","S-1-5-21-331390976-2650875657-2422772959-1823","Bacon","Bacon","Project Manager",
"IT Staff","CN=Daniel Durrer","True","Daniel","danield@contoso.com","CN=Brian Groth","Daniel Durrer","user","f4a59b38-d5fa-4ae5-8afe-b4fde603dad9","(206) 555-8793","danield","S-1-5-21-331390976-2650875657-2422772959-1824","Durrer","Durrer","Project Manager",
"Accounting","CN=James Wittrell","True","James","jamesw@contoso.com","CN=Karim Manar","James Wittrell","user","4641face-6a59-4055-bc0b-29db4b3b1672","(415) 555-2597","jamesw","S-1-5-21-331390976-2650875657-2422772959-1825","Wittrell","Wittrell","Accountant",
"IT Staff","CN=Scott MacDonald","True","Scott","scottm@contoso.com","CN=Jenni Merrifield","Scott MacDonald","user","c6279aa8-6854-42af-bdee-da4f7cd7696d","(206) 555-8452","scottm","S-1-5-21-331390976-2650875657-2422772959-1826","MacDonald","MacDonald","Strategy Consultant",
"Strategy Consulting","CN=Renee Lo","True","Renee","reneel@contoso.com","CN=Aaron Painter","Renee Lo","user","d20f9cd0-3cc4-4f13-8b11-8305abe0bb2b","(206) 555-6864","reneel","S-1-5-21-331390976-2650875657-2422772959-1827","Lo","Lo","Strategy Consultant",
"IT Support","CN=Cari Drummelle","True","Cari","carid@contoso.com","CN=Stan Orme","Cari Drummelle","user","980f27ce-66f2-4fb4-8639-12849a484e92","(212) 555-3889","carid","S-1-5-21-331390976-2650875657-2422772959-1828","Drummelle","Drummelle","Content Management Consultant",
"IT Support","CN=Alfons Parovszky","True","Alfons","alfonsp@contoso.com","CN=Stan Orme","Alfons Parovszky","user","d97650ab-db13-4f64-9126-f88670e1c084","(206) 555-1659","alfonsp","S-1-5-21-331390976-2650875657-2422772959-1829","Parovszky","Parovszky","Content Management Consultant",
"IT Support","CN=Matt Hink","True","Matt","matth@contoso.com","CN=Stan Orme","Matt Hink","user","29dcc0c2-e14d-4eb4-8d0c-eeffee01b314","(206) 555-4157","matth","S-1-5-21-331390976-2650875657-2422772959-1830","Hink","Hink","Content Management Consultant",
"CRM Strategy","CN=Lorraine Nay","True","Lorraine","lorrain@contoso.com","CN=Syed Abbas","Lorraine Nay","user","509cd11b-74bf-4d4d-a19c-1f740e7e4db7","(20) 5555-8569","lorrain","S-1-5-21-331390976-2650875657-2422772959-1831","Nay","Nay","CRM Consultant",
"Strategy Consulting","CN=Iben Thorell","True","Iben","ibent@contoso.com","CN=Brad Sutton","Iben Thorell","user","e58f3e62-e71c-48d7-aa55-7a0606ac5ec9","(206) 555-7167","ibent","S-1-5-21-331390976-2650875657-2422772959-1832","Thorell","Thorell","Strategy Consultant",
"IT Support","CN=Magnus Hedlund","True","Magnus","magnush@contoso.com","CN=Stan Orme","Magnus Hedlund","user","501b0760-1220-41d9-8dd0-f6be960717f8","(206) 555-7213","magnush","S-1-5-21-331390976-2650875657-2422772959-1833","Hedlund","Hedlund","Business Process Manager",
"IT Support","CN=Erik Andersen","True","Erik","erica@contoso.com","CN=Stan Orme","Erik Andersen","user","6b1b2f88-0f3c-429f-8ad7-1535a1dabb3e","(206) 555-6448","erica","S-1-5-21-331390976-2650875657-2422772959-1834","Andersen","Andersen","Content Management Consultant",
"Engineering Operations","CN=Corinna Bolender","True","Corinna","corinnb@contoso.com","CN=Carol Troup","Corinna Bolender","user","a6a98baa-cacc-409f-beb4-22c3a807a473","(206) 555-9821","corinnb","S-1-5-21-331390976-2650875657-2422772959-1835","Bolender","Bolender","Engineer",
"Strategy Consulting","CN=Trey Pratt","True","Trey","treyp@contoso.com","CN=Cesar Garcia","Trey Pratt","user","3193eddf-826d-40cb-97e5-29d899f0be96","(206) 555-2297","treyp","S-1-5-21-331390976-2650875657-2422772959-1836","Pratt","Pratt","Strategy Consultant",
"Sales","CN=John Kane","True","John","johnk@contoso.com","CN=Jose Saraiva","John Kane","user","82919424-4615-4a6c-8922-0719b4e8c3a7","(214) 555-8332","johnk","S-1-5-21-331390976-2650875657-2422772959-1837","Kane","Kane","Salesperson",
"Strategy Consulting","CN=Parna Khot","True","Parna","parnak@contoso.com","CN=Aaron Painter","Parna Khot","user","334959d2-aa9c-4a16-9de6-a81831dc5fa6","(206) 555-8454","parnak","S-1-5-21-331390976-2650875657-2422772959-1838","Khot","Khot","Strategy Consultant",
"Strategy Consulting","CN=Kim Ralls","True","Kim","kimr@contoso.com","CN=David Maman","Kim Ralls","user","230a05a1-554c-4adb-b4e5-77bb32f2e9bf","(206) 555-1443","kimr","S-1-5-21-331390976-2650875657-2422772959-1839","Ralls","Ralls","Strategy Consultant",
"Strategy Consulting","CN=Jan Kotas","True","Jan","jank@contoso.com","CN=Brad Sutton","Jan Kotas","user","4a783fb5-dabc-4f4f-8a2f-b1c90b8efe16","(206) 555-4747","jank","S-1-5-21-331390976-2650875657-2422772959-1840","Kotas","Kotas","Strategy Consultant",
"IT Staff","CN=Thomas Hamborg","True","Thomas","thomash@contoso.com","CN=Brian Groth","Thomas Hamborg","user","dd5cb399-40ae-4fd5-853f-bcf495052b81","(206) 555-4112","thomash","S-1-5-21-331390976-2650875657-2422772959-1841","Hamborg","Hamborg","Project Manager",
"Strategy Consulting","CN=Lolan Song","True","Lolan","lolans@contoso.com","CN=David Maman","Lolan Song","user","ec6c80af-e6f6-4db2-9562-3fc6e2fd7f2e","(206) 555-1913","lolans","S-1-5-21-331390976-2650875657-2422772959-1842","Song","Song","Strategy Consultant",
"Accounting","CN=Lars Hansson","True","Lars","larsh@contoso.com","CN=Karim Manar","Lars Hansson","user","8006fa53-332a-4169-85b3-4ad056f4cc12","(415) 555-7777","larsh","S-1-5-21-331390976-2650875657-2422772959-1843","Hansson","Hansson","Accounting Manager",
"Accounting","CN=Jill Frank","True","Jill","jillf@contoso.com","CN=Karim Manar","Jill Frank","user","5a9e505a-a18f-4bf7-954e-255cd1ceafec","(425) 555-9559","jillf","S-1-5-21-331390976-2650875657-2422772959-1844","Frank","Frank","Accountant",
"Accounting","CN=Joel Lachance","True","Joel","joell@contoso.com","CN=Karim Manar","Joel Lachance","user","acb51c31-6b51-4d80-bdb5-f55f982cdaf6","(206) 555-6848","joell","S-1-5-21-331390976-2650875657-2422772959-1845","Lachance","Lachance","Accountant",
"Strategy Consulting","CN=John John","True","John","johne@contoso.com","CN=Aaron Painter","John John","user","c12c238f-5f1a-4e26-8786-536be9589214","(206) 555-5846","johne","S-1-5-21-331390976-2650875657-2422772959-1846","John","John","Strategy Consultant",
"Strategy Consulting","CN=Jun Cao","True","Jun","junc@contoso.com","CN=Cesar Garcia","Jun Cao","user","94594a6a-d619-403b-a2c4-df1a6dd243af","(206) 555-3449","junc","S-1-5-21-331390976-2650875657-2422772959-1847","Cao","Cao","Strategy Consultant",
"Strategy Consulting","CN=Tony Wang","True","Tony","tonyw@contoso.com","CN=Ellen Adams","Tony Wang","user","a2455199-3552-440d-b834-2f92701b5713","(206) 555-4595","tonyw","S-1-5-21-331390976-2650875657-2422772959-1848","Wang","Wang","Strategy Consultant",
"Strategy Consulting","CN=Kenneth Cools","True","Kenneth","kennetc@contoso.com","CN=Brad Sutton","Kenneth Cools","user","bc1a8902-3723-4595-82c5-abef33280605","(206) 555-4886","kennetc","S-1-5-21-331390976-2650875657-2422772959-1849","Cools","Cools","Strategy Consultant",
"Strategy Consulting","CN=Steve Masters","True","Steve","stevem@contoso.com","CN=Cesar Garcia","Steve Masters","user","85c26295-3d53-4693-b74a-0a892268728c","(206) 555-4557","stevem","S-1-5-21-331390976-2650875657-2422772959-1850","Masters","Masters","Strategy Consultant",
"Strategy Consulting","CN=Lubor Kollar","True","Lubor","lubork@contoso.com","CN=Aaron Painter","Lubor Kollar","user","9dcc4bd9-6fe3-4228-b3c0-32ee0aa83d59","(206) 555-8223","lubork","S-1-5-21-331390976-2650875657-2422772959-1851","Kollar","Kollar","Strategy Consultant",
"Strategy Consulting","CN=Michael Ludwig","True","Michael","michael@contoso.com","CN=Cesar Garcia","Michael Ludwig","user","2cfec94e-ced9-41c2-bc54-c29f4bd2f3a8","(206) 555-6621","michael","S-1-5-21-331390976-2650875657-2422772959-1852","Ludwig","Ludwig","Strategy Consultant",
"Strategy Consulting","CN=Michael Lund","True","Michael","michal1@contoso.com","CN=Ellen Adams","Michael Lund","user","0f6e0712-63ea-47a3-b209-12b1bda75347","(206) 555-4295","michal1","S-1-5-21-331390976-2650875657-2422772959-1853","Lund","Lund","Strategy Consultant",
"Strategy Consulting","CN=Michael Sullivan","True","Michael","michaes@contoso.com","CN=Brad Sutton","Michael Sullivan","user","4f22439d-d769-46ec-a4cb-6fd4a05fbf23","(206) 555-8398","michaes","S-1-5-21-331390976-2650875657-2422772959-1854","Sullivan","Sullivan","Strategy Consultant",
"Strategy Consulting","CN=Ray Chow","True","Ray","rayc@contoso.com","CN=David Maman","Ray Chow","user","11afd577-064c-41a9-8a91-6635b8807294","(206) 555-5295","rayc","S-1-5-21-331390976-2650875657-2422772959-1855","Chow","Chow","Strategy Consultant",
"IT Support","CN=Diane Glimp","True","Diane","dianeg@contoso.com","CN=Stan Orme","Diane Glimp","user","e9ad21c4-767b-44f7-be8a-e256e9e77002","(212) 555-3984","dianeg","S-1-5-21-331390976-2650875657-2422772959-1856","Glimp","Glimp","Content Management Consultant",
"Strategy Consulting","CN=Ken Malcolmson","True","Ken","kenm@contoso.com","CN=Ellen Adams","Ken Malcolmson","user","6336e033-261a-4b4c-b800-3f407008ec7e","(206) 555-8879","kenm","S-1-5-21-331390976-2650875657-2422772959-1857","Malcolmson","Malcolmson","Strategy Consultant",
"Project Management","CN=Manueal Machado","True","Manueal","manueam@contoso.com","CN=Barry Johnson","Manueal Machado","user","c38e3f7b-c5b1-4ba0-b7b8-4bcf317e7db8","(206) 555-2246","manueam","S-1-5-21-331390976-2650875657-2422772959-1858","Machado","Machado","Senior Project Manager",
"Sales","CN=Luca Dellamore","True","Luca","lucad@contoso.com","CN=April Stewart","Luca Dellamore","user","27f11da9-3adb-4e08-8cf0-b7f8be26f2b9","(06) 5555-8461","lucad","S-1-5-21-331390976-2650875657-2422772959-1859","Dellamore","Dellamore","Salesperson",
"Project Management","CN=Ivo Salmre","True","Ivo","ivos@contoso.com","CN=Andrew Ma","Ivo Salmre","user","e270560d-a319-44cb-8272-9f233fee39c0","(206) 555-2699","ivos","S-1-5-21-331390976-2650875657-2422772959-1860","Salmre","Salmre","Project Manager",
"Sales","CN=Howard Gonzalez","True","Howard","howardg@contoso.com","CN=Lene Aalling","Howard Gonzalez","user","1a0d0c4c-35b4-4956-a10a-d11ffbc519d5","(20) 5555-6851","howardg","S-1-5-21-331390976-2650875657-2422772959-1861","Gonzalez","Gonzalez","Salesperson",
"Sales","CN=Elizabeth Andersen","True","Elizabeth","elizaba@contoso.com","CN=Arthur Yasinski","Elizabeth Andersen","user","daf00fa4-53f0-4732-a404-1e7a164f77a1","(617) 555-7395","elizaba","S-1-5-21-331390976-2650875657-2422772959-1862","Andersen","Andersen","Salesperson",
"Project Management","CN=Denis Dehenne","True","Denis","denisd@contoso.com","CN=Barry Johnson","Denis Dehenne","user","1755cd16-eaa9-4d8d-9e0b-d6bb87c40479","(206) 555-6492","denisd","S-1-5-21-331390976-2650875657-2422772959-1863","Dehenne","Dehenne","Project Manager",
"Sales","CN=David Wright","True","David","davidw@contoso.com","CN=David Simpson","David Wright","user","d2c272c5-1aff-46a0-a364-c101e2e22678","(404) 555-9264","davidw","S-1-5-21-331390976-2650875657-2422772959-1864","Wright","Wright","Salesperson",
"Project Management","CN=Chris Barry","True","Chris","chrisb@contoso.com","CN=Mike Nash","Chris Barry","user","77f897be-83f6-4ad6-aec6-0b051223bb82","(206) 555-9267","chrisb","S-1-5-21-331390976-2650875657-2422772959-1865","Barry","Barry","Project Manager",
"Project Management","CN=Ayla Kol","True","Ayla","aylak@contoso.com","CN=Scott Bishop","Ayla Kol","user","0f42a43f-7ae4-4e1d-aca2-8ed2f48da070","(206) 555-3448","aylak","S-1-5-21-331390976-2650875657-2422772959-1866","Kol","Kol","Project Manager",
"Project Management","CN=Alisa Lawyer","True","Alisa","alisal@contoso.com","CN=Scott Bishop","Alisa Lawyer","user","17cc34d0-fda3-4061-a35b-989d01b1975e","(206) 555-4738","alisal","S-1-5-21-331390976-2650875657-2422772959-1867","Lawyer","Lawyer","Project Manager",
"Project Management","CN=Simon Rapier","True","Simon","simonr@contoso.com","CN=Scott Bishop","Simon Rapier","user","52d68cec-3ea1-4efa-9502-a9f7855da055","(206) 555-9848","simonr","S-1-5-21-331390976-2650875657-2422772959-1868","Rapier","Rapier","Senior Project Manager",
"Project Management","CN=Rob Barker","True","Rob","robb@contoso.com","CN=Chris Norred","Rob Barker","user","134976da-0e4a-4b54-8296-88ec813ee99c","(206) 555-2474","robb","S-1-5-21-331390976-2650875657-2422772959-1869","Barker","Barker","Project Manager",
"Sales","CN=Hazem Abolrous","True","Hazem","hazema@contoso.com","CN=Lene Aalling","Hazem Abolrous","user","36ea36ef-6c7a-4a1f-b146-2f006196f4dd","(707) 555-3823","hazema","S-1-5-21-331390976-2650875657-2422772959-1870","Abolrous","Abolrous","Salesperson",
"Project Management","CN=Ned Friend","True","Ned","nedf@contoso.com","CN=Chris Norred","Ned Friend","user","314ee328-bd7f-442e-b1d9-44b29f93f96a","(206) 555-8382","nedf","S-1-5-21-331390976-2650875657-2422772959-1871","Friend","Friend","Project Manager",
"Project Management","CN=Richard Tupy","True","Richard","richart@contoso.com","CN=Andrew Ma","Richard Tupy","user","2727030f-81d6-4816-8bea-ee84608204bc","(206) 555-1694","richart","S-1-5-21-331390976-2650875657-2422772959-1872","Tupy","Tupy","Project Manager",
"Project Management","CN=Don Funk","True","Don","donf@contoso.com","CN=Chris Norred","Don Funk","user","7eb81280-e285-4a1a-a1df-bd332fa9ec25","(206) 555-6561","donf","S-1-5-21-331390976-2650875657-2422772959-1873","Funk","Funk","Project Manager",
"Project Management","CN=Dave Natsuhara","True","Dave","daven@contoso.com","CN=Chris Norred","Dave Natsuhara","user","4b17322a-7f61-4d6a-8ec2-e38d5024af99","(206) 555-9299","daven","S-1-5-21-331390976-2650875657-2422772959-1874","Natsuhara","Natsuhara","Project Manager",
"Project Management","CN=Christian Rytt","True","Christian","christr@contoso.com","CN=Chris Norred","Christian Rytt","user","96d25c15-e37f-455c-b75f-69e5da969cc0","(206) 555-5488","christr","S-1-5-21-331390976-2650875657-2422772959-1875","Rytt","Rytt","Project Manager",
"Project Management","CN=Ted Bremer","True","Ted","tedb@contoso.com","CN=Chris Norred","Ted Bremer","user","999dfb79-ae8a-46b5-96dd-9a4a665f1c83","(206) 555-3874","tedb","S-1-5-21-331390976-2650875657-2422772959-1876","Bremer","Bremer","Business Process Manager",
"Project Management","CN=Sean Purcell","True","Sean","seanp@contoso.com","CN=Chris Norred","Sean Purcell","user","4c46b704-4290-4fc4-bf7f-3e36e1afc0dc","(206) 555-6953","seanp","S-1-5-21-331390976-2650875657-2422772959-1877","Purcell","Purcell","Business Process Manager",
"Project Management","CN=Ray Mohrman","True","Ray","raym@contoso.com","CN=Barry Johnson","Ray Mohrman","user","f3631d6c-f336-4b68-82c7-54c0298f62ff","(206) 555-1471","raym","S-1-5-21-331390976-2650875657-2422772959-1878","Mohrman","Mohrman","Senior Project Manager",
"Project Management","CN=Mike Tiano","True","Mike","miket@contoso.com","CN=Chris Norred","Mike Tiano","user","7491b038-f6dc-42c9-a856-928af8de77d6","(206) 555-6552","miket","S-1-5-21-331390976-2650875657-2422772959-1879","Tiano","Tiano","Business Process Manager",
"Project Management","CN=Margaret Au","True","Margaret","margara@contoso.com","CN=Chris Norred","Margaret Au","user","2cfc0fba-86e9-4107-9a1f-c0e2643cf927","(206) 555-2918","margara","S-1-5-21-331390976-2650875657-2422772959-1880","Au","Au","Business Process Manager",
"Project Management","CN=Jesper Aaberg","True","Jesper","jespera@contoso.com","CN=Chris Norred","Jesper Aaberg","user","9a7c972f-cff2-47b0-9508-0a60ae0bd846","(206) 555-1783","jespera","S-1-5-21-331390976-2650875657-2422772959-1881","Aaberg","Aaberg","Project Manager",
"Project Management","CN=Danni Ortman","True","Danni","dannio@contoso.com","CN=Andrew Ma","Danni Ortman","user","5bddae12-c93b-400e-95ea-7fdd978644f2","(206) 555-6667","dannio","S-1-5-21-331390976-2650875657-2422772959-1882","Ortman","Ortman","Senior Project Manager",
"Project Management","CN=Andy Jacobs","True","Andy","andyj@contoso.com","CN=Scott Bishop","Andy Jacobs","user","d614cab3-cbef-4f76-ac89-6272c4296a5b","(206) 555-4262","andyj","S-1-5-21-331390976-2650875657-2422772959-1883","Jacobs","Jacobs","Senior Project Manager",
"Operations","CN=Mchiel Wories","True","Mchiel","mchielw@contoso.com","CN=Keith Dishmo","Mchiel Wories","user","0855552e-0a9c-49c9-ab7b-b5b2139d68c7","(206) 555-4539","mchielw","S-1-5-21-331390976-2650875657-2422772959-1884","Wories","Wories","Procurement Manager",
"Project Management","CN=Nuria Gonzalez","True","Nuria","nuriag@contoso.com","CN=Mike Nash","Nuria Gonzalez","user","0b0be144-c523-49bd-9a1e-ce33380f77d8","(206) 555-8185","nuriag","S-1-5-21-331390976-2650875657-2422772959-1885","Gonzalez","Gonzalez","Senior Project Manager",
"Human Resources","CN=Ty Carlson","True","Ty","tyc@contoso.com","CN=Lene Aalling","Ty Carlson","user","b814383c-7677-4688-9657-b7da87029527","(701) 555-4446","tyc","S-1-5-21-331390976-2650875657-2422772959-1886","Carlson","Carlson","Salesperson",
"Senior Management","CN=Cassie Hicks","True","Cassie","cassieh@contoso.com","CN=Adam Barr","Cassie Hicks","user","3d2f2dfa-243a-402e-870d-60dd49941a28","(425) 555-0129","cassieh","S-1-5-21-331390976-2650875657-2422772959-1887","Hicks","Hicks","Director of Client Services",
"Senior Management","CN=Sean Chai","True","Sean","seanc@contoso.com","CN=Molly Clark","Sean Chai","user","0dd27d49-e37a-4d96-974c-60f1e71ea61c","(425) 555-0193","seanc","S-1-5-21-331390976-2650875657-2422772959-1888","Chai","Chai","Director of Affiliate Marketing and Partnerships",
"Senior Management","CN=Todd Rowe","True","Todd","toddr@contoso.com","CN=Diane Prescott","Todd Rowe","user","b886a5ce-2ea5-4158-9c3d-3d6f0cf7ef40","(425) 555-0124","toddr","S-1-5-21-331390976-2650875657-2422772959-1889","Rowe","Rowe","Sr. Media Planner",
"CIO","CN=Tai Lee","True","Tai","tail@contoso.com","CN=Jeff Hay","Tai Lee","user","3d1f6403-e0eb-4324-9640-df6c4f4b3c7b","(425) 555-0131","tail","S-1-5-21-331390976-2650875657-2422772959-1890","Lee","Lee","President of Services",
"Senior Management","CN=Greg Winston","True","Greg","gregw@contoso.com","CN=Jeff Hay","Greg Winston","user","87453529-86f3-419d-99e5-2ab07db70c47","(425) 555-0140","gregw","S-1-5-21-331390976-2650875657-2422772959-1891","Winston","Winston","President of Management",
"Executive","CN=Sanjay Shah","True","Sanjay","sanjays@contoso.com","CN=Dan Jump","Sanjay Shah","user","5b25c30e-2a5e-40ac-8ee6-03c009d420da","(425) 555-0107","sanjays","S-1-5-21-331390976-2650875657-2422772959-1892","Shah","Shah","Chief of Technical Strategy",
"Executive","CN=Toni Poe","True","Toni","tonip@contoso.com","CN=Dan Jump","Toni Poe","user","3b399135-31d6-463b-b91b-368e5b1449d5","(425) 555-0196","tonip","S-1-5-21-331390976-2650875657-2422772959-1893","Poe","Poe","Chief of Partnerships and Strategy",
"Executive","CN=Jim Daly","True","Jim","jimd@contoso.com","CN=Dan Jump","Jim Daly","user","735489b4-7b2c-4f68-a76e-9156de8da5d6","(425) 555-0116","jimd","S-1-5-21-331390976-2650875657-2422772959-1894","Daly","Daly","CFO",
"Human Resources","CN=Tom Youtsey","True","Tom","tomy@contoso.com","CN=David Simpson","Tom Youtsey","user","dbba0074-e5fc-49ec-bc34-74a6329be754","(206) 555-4331","tomy","S-1-5-21-331390976-2650875657-2422772959-1895","Youtsey","Youtsey","Salesperson",
"Human Resources","CN=Kerim Hanif","True","Kerim","kerimh@contoso.com","CN=David Simpson","Kerim Hanif","user","bec96a2e-6811-4aed-92c1-80c10cbef492","(206) 555-5661","kerimh","S-1-5-21-331390976-2650875657-2422772959-1896","Hanif","Hanif","Salesperson",
"Human Resources","CN=Jamie Reding","True","Jamie","jamier@contoso.com","CN=David Simpson","Jamie Reding","user","9c2872a2-9f00-42c0-b00d-4842a0fcaef3","(206) 555-2363","jamier","S-1-5-21-331390976-2650875657-2422772959-1897","Reding","Reding","Salesperson",
"Human Resources","CN=Ye Xu","True","Ye","yex@contoso.com","CN=Arthur Yasinski","Ye Xu","user","46724360-4b6e-43c9-bb13-b57c7cbd2a12","(214) 555-7757","yex","S-1-5-21-331390976-2650875657-2422772959-1898","Xu","Xu","Salesperson",
"Sales","CN=Marko Zajc","True","Marko","markoz@contoso.com","CN=April Stewart","Marko Zajc","user","ecd55b50-c750-463c-8eaf-ae8be8f0701b","(09) 5555-3784","markoz","S-1-5-21-331390976-2650875657-2422772959-1899","Zajc","Zajc","Salesperson",
"Human Resources","CN=Fabrice Canel","True","Fabrice","fabricc@contoso.com","CN=Arthur Yasinski","Fabrice Canel","user","74e3e1ec-3ff1-4727-8a2c-8e795c246502","(214) 555-8815","fabricc","S-1-5-21-331390976-2650875657-2422772959-1900","Canel","Canel","Salesperson",
"Sales","CN=Pavel Simsa","True","Pavel","pavels@contoso.com","CN=David Simpson","Pavel Simsa","user","df5f44c7-dcbc-4b3d-b8d1-a96021f4e660","(06) 5555-1284","pavels","S-1-5-21-331390976-2650875657-2422772959-1901","Simsa","Simsa","Salesperson",
"Human Resources","CN=Vernette Price","True","Vernette","vernettp@contoso.com","CN=Lene Aalling","Vernette Price","user","10e7c1a2-4a94-497d-a738-3c682f8cf761","(701) 555-6828","vernettp","S-1-5-21-331390976-2650875657-2422772959-1902","Price","Price","Salesperson",
"Human Resources","CN=Nate Sun","True","Nate","nates@contoso.com","CN=Lene Aalling","Nate Sun","user","b43c196e-de75-4752-8a5c-c0a13f9ccb92","(701) 555-7818","nates","S-1-5-21-331390976-2650875657-2422772959-1903","Sun","Sun","Salesperson",
"Human Resources","CN=Tina Makovec","True","Tina","tinam@contoso.com","CN=April Stewart","Tina Makovec","user","05809581-4d1d-4c6b-a895-12e5e129bc04","(804) 555-2465","tinam","S-1-5-21-331390976-2650875657-2422772959-1904","Makovec","Makovec","Salesperson",
"Human Resources","CN=Neil Orint","True","Neil","neilo@contoso.com","CN=April Stewart","Neil Orint","user","8f732dea-9040-4cc3-bb9f-5a49657d3be5","(804) 555-5958","neilo","S-1-5-21-331390976-2650875657-2422772959-1905","Orint","Orint","Salesperson",
"Human Resources","CN=Luka Abrus","True","Luka","lukaa@contoso.com","CN=April Stewart","Luka Abrus","user","a69a1b96-822b-4c67-b9f1-a4f52bb27aba","(804) 555-3648","lukaa","S-1-5-21-331390976-2650875657-2422772959-1906","Abrus","Abrus","Salesperson",
"Human Resources","CN=Euan Garden","True","Euan","euang@contoso.com","CN=April Stewart","Euan Garden","user","dfdadc39-7335-404d-af66-c77cf13a15f8","(804) 555-3383","euang","S-1-5-21-331390976-2650875657-2422772959-1907","Garden","Garden","Salesperson",
"Sales","CN=Eran Harel","True","Eran","eranh@contoso.com","CN=Jose Saraiva","Eran Harel","user","8a883c57-24f4-4bb9-8244-fc03f8cd24f6","(213) 555-1265","eranh","S-1-5-21-331390976-2650875657-2422772959-1908","Harel","Harel","Salesperson",
"Sales","CN=Michael Ovesen","True","Michael","michaeo@contoso.com","CN=Jose Saraiva","Michael Ovesen","user","601b5da0-1569-4b7b-8678-af4fe73a07c4","(201) 555-5625","michaeo","S-1-5-21-331390976-2650875657-2422772959-1909","Ovesen","Ovesen","Salesperson",
"Sales","CN=Kim Abercrombie","True","Kim","kima@contoso.com","CN=Jose Saraiva","Kim Abercrombie","user","664725d3-879e-4447-98da-45a39a55acde","(410) 555-3839","kima","S-1-5-21-331390976-2650875657-2422772959-1910","Abercrombie","Abercrombie","Salesperson",
"Operations","CN=Rob Young","True","Rob","roby@contoso.com","CN=Arturo Lopez","Rob Young","user","5f880cde-c4f9-4480-82ea-0362b5397b0f","(206) 555-1739","roby","S-1-5-21-331390976-2650875657-2422772959-1911","Young","Young","IT Manager",
"Project Management","CN=Terry Earls","True","Terry","terrye@contoso.com","CN=Mike Nash","Terry Earls","user","8b66e377-10a0-4346-9f98-4098cfcbffa7","(206) 555-3164","terrye","S-1-5-21-331390976-2650875657-2422772959-1912","Earls","Earls","Project Manager",
"Operations","CN=Michael Mainer","True","Michael","michaem@contoso.com","CN=Erika Cheley","Michael Mainer","user","82af565f-9620-4754-a2d8-cb4baa18c1d0","(206) 555-4542","michaem","S-1-5-21-331390976-2650875657-2422772959-1913","Mainer","Mainer","Manager",
"Human Resources","CN=Sven Buck","True","Sven","svenb@contoso.com","CN=Arthur Yasinski","Sven Buck","user","a204f649-8442-4f66-b157-36a962d9ed99","(214) 555-4151","svenb","S-1-5-21-331390976-2650875657-2422772959-1914","Buck","Buck","Salesperson",
"Sales","CN=Eric Gruber","True","Eric","ericg@contoso.com","CN=Lene Aalling","Eric Gruber","user","b9a0bf66-8825-4609-9358-a43f9ab0404d","(206) 555-4629","ericg","S-1-5-21-331390976-2650875657-2422772959-1915","Gruber","Gruber","Salesperson",
"Operations","CN=Jelle Visser","True","Jelle","jellev@contoso.com","CN=Keith Dishmo","Jelle Visser","user","0b5eb69f-c854-4a3e-92d4-70a9f04bf1ca","(206) 555-4932","jellev","S-1-5-21-331390976-2650875657-2422772959-1916","Visser","Visser","Procurement Manager",
"Sales","CN=Erik Gubbels","True","Erik","erikg@contoso.com","CN=April Stewart","Erik Gubbels","user","67299c87-9e80-4ee5-97f6-7efaafbe5bb1","(425) 555-9296","erikg","S-1-5-21-331390976-2650875657-2422772959-1917","Gubbels","Gubbels","Salesperson",
"Sales","CN=Dominik Paiha","True","Dominik","dominip@contoso.com","CN=Jose Saraiva","Dominik Paiha","user","02abd93d-71f3-4ca7-bba1-929dee6bc5d9","(212) 555-2538","dominip","S-1-5-21-331390976-2650875657-2422772959-1918","Paiha","Paiha","Salesperson",
"Sales","CN=Dan Hough","True","Dan","danh@contoso.com","CN=Arthur Yasinski","Dan Hough","user","9b7d63c5-c77c-415c-b37c-c27e1c22112e","(607) 555-4568","danh","S-1-5-21-331390976-2650875657-2422772959-1919","Hough","Hough","Salesperson",
"Sales","CN=Tina Lassila","True","Tina","tinal@contoso.com","CN=Arthur Yasinski","Tina Lassila","user","ad8b0c28-0128-4688-a396-19723b1a77b1","(607) 555-6337","tinal","S-1-5-21-331390976-2650875657-2422772959-1920","Lassila","Lassila","Salesperson",
"Sales","CN=Nuno Farinha","True","Nuno","nunof@contoso.com","CN=David Simpson","Nuno Farinha","user","01d1e01e-bf53-419a-9762-17270b1a7328","(214) 555-1812","nunof","S-1-5-21-331390976-2650875657-2422772959-1921","Farinha","Farinha","Salesperson",
"Sales","CN=Maru Subrmani","True","Maru","marus@contoso.com","CN=April Stewart","Maru Subrmani","user","94275b5c-ed29-4f08-b12c-0c0e48f4103f","(850) 555-5277","marus","S-1-5-21-331390976-2650875657-2422772959-1922","Subrmani","Subrmani","Salesperson",
"Sales","CN=Marc Faerber","True","Marc","marcf@contoso.com","CN=David Simpson","Marc Faerber","user","d8fd85c5-5df6-4d42-804e-14c618b3bbba","(213) 555-3269","marcf","S-1-5-21-331390976-2650875657-2422772959-1923","Faerber","Faerber","Salesperson",
"Sales","CN=Kari Furse","True","Kari","karif@contoso.com","CN=Jose Saraiva","Kari Furse","user","825e514b-d061-40e4-af79-1d3d432447ad","(541) 555-2668","karif","S-1-5-21-331390976-2650875657-2422772959-1924","Furse","Furse","Salesperson",
"Senior Management","CN=Karen Berg","True","Karen","karenb@contoso.com","CN=Julian Isla","Karen Berg","user","026dc3e3-4406-43c7-9a3e-cba432b0447b","(425) 555-0174","karenb","S-1-5-21-331390976-2650875657-2422772959-1925","Berg","Berg","Sr. Account Manager",
"IT Administrators","CN=Ian Tien","True","Ian","iant@contoso.com","CN=Amy Alberts","Ian Tien","user","0a9a7b2d-1dd8-4282-aae1-fae964ec5f6d","(206) 555-1437","iant","S-1-5-21-331390976-2650875657-2422772959-1926","Tien","Tien","HR Specialist",
"Sales","CN=Scott Gode","True","Scott","scottg@contoso.com","CN=David Simpson","Scott Gode","user","732b9335-bd32-4ab2-9391-cdf3b8337250","(201) 555-8474","scottg","S-1-5-21-331390976-2650875657-2422772959-1927","Gode","Gode","Salesperson",
"Sales","CN=Gina Boyer","True","Gina","ginab@contoso.com","CN=Arthur Yasinski","Gina Boyer","user","561988f3-f047-4346-b081-09051fe8e12d","(509) 555-3766","ginab","S-1-5-21-331390976-2650875657-2422772959-1928","Boyer","Boyer","Salesperson",
"Sales","CN=Annelie Zubar","True","Annelie","anneliz@contoso.com","CN=Jose Saraiva","Annelie Zubar","user","043eef25-992d-4761-b948-1ea1977b4160","2555-4845","anneliz","S-1-5-21-331390976-2650875657-2422772959-1929","Zubar","Zubar","Salesperson",
"Sales","CN=David Bossard","True","David","davidb@contoso.com","CN=April Stewart","David Bossard","user","a37a24a1-f54a-4e97-933f-b7aaf00d96af","(206) 555-1422","davidb","S-1-5-21-331390976-2650875657-2422772959-1930","Bossard","Bossard","Salesperson",
"Sales","CN=Alicia Thomber","True","Alicia","aliciat@contoso.com","CN=David Simpson","Alicia Thomber","user","54166cfd-94e0-4fa8-8794-3ade7fb3fb95","(714) 555-4825","aliciat","S-1-5-21-331390976-2650875657-2422772959-1931","Thomber","Thomber","Salesperson",
"Sales","CN=Marcelo Truffat","True","Marcelo","marcelt@contoso.com","CN=Jose Saraiva","Marcelo Truffat","user","a5a4f9bf-2e00-4739-bfaa-e115b6a7dd97","(206) 555-1785","marcelt","S-1-5-21-331390976-2650875657-2422772959-1932","Truffat","Truffat","Salesperson",
"Engineering Operations","CN=Tony Madigan","True","Tony","tonym@contoso.com","CN=Carol Troup","Tony Madigan","user","6b4a2b4e-0b8d-456d-be2e-d3ddcdc51fb3","(206) 555-6941","tonym","S-1-5-21-331390976-2650875657-2422772959-1933","Madigan","Madigan","Senior Engineer",
"Engineering Operations","CN=Sunil Koduri","True","Sunil","sunilk@contoso.com","CN=Carol Troup","Sunil Koduri","user","5f29b1e3-d951-4f9d-923d-30bcd2395b77","(206) 555-5651","sunilk","S-1-5-21-331390976-2650875657-2422772959-1934","Koduri","Koduri","Senior Engineer",
"Engineering Operations","CN=Simon Pearson","True","Simon","simonp@contoso.com","CN=Carol Troup","Simon Pearson","user","ade56bf7-667e-465f-bd7a-8402ed4f949a","(206) 555-2318","simonp","S-1-5-21-331390976-2650875657-2422772959-1935","Pearson","Pearson","Senior Engineer",
"Engineering Operations","CN=Paul Duffy","True","Paul","pauld@contoso.com","CN=Carol Troup","Paul Duffy","user","9aca78b2-fd43-4c54-a946-68bc3cabdce6","(206) 555-9351","pauld","S-1-5-21-331390976-2650875657-2422772959-1936","Duffy","Duffy","Senior Engineer",
"Engineering Operations","CN=Kate Taneyhill","True","Kate","katet@contoso.com","CN=Carol Troup","Kate Taneyhill","user","081d9d81-2445-430c-b1fe-520ecd3ecf00","(206) 555-2732","katet","S-1-5-21-331390976-2650875657-2422772959-1937","Taneyhill","Taneyhill","Senior Engineer",
"Engineering Operations","CN=Chris Gray","True","Chris","chrisg@contoso.com","CN=Carol Troup","Chris Gray","user","a0e7e4af-217c-4c54-878e-b5236e5c96df","(206) 555-9244","chrisg","S-1-5-21-331390976-2650875657-2422772959-1938","Gray","Gray","Senior Engineer",
"Engineering Operations","CN=Stephen Deming","True","Stephen","stephed@contoso.com","CN=Carol Troup","Stephen Deming","user","4edd87db-2894-4448-be3a-6982b0baf17d","(206) 555-1211","stephed","S-1-5-21-331390976-2650875657-2422772959-1939","Deming","Deming","Engineer",
"Engineering Operations","CN=Olivier Fontana","True","Olivier","olivief@contoso.com","CN=Carol Troup","Olivier Fontana","user","9f42a891-9741-4c8c-88e1-1939c93893dc","(206) 555-7444","olivief","S-1-5-21-331390976-2650875657-2422772959-1940","Fontana","Fontana","Engineer",
"Engineering Operations","CN=Michelle Fredette","True","Michelle","michelf@contoso.com","CN=Carol Troup","Michelle Fredette","user","b6c3f269-7c18-4c71-96d9-fa6422cca9dd","(206) 555-6132","michelf","S-1-5-21-331390976-2650875657-2422772959-1941","Fredette","Fredette","Engineer",
"Strategy Consulting","CN=Arlene Huff","True","Arlene","arleneh@contoso.com","CN=Jenni Merrifield","Arlene Huff","user","6f06f83c-683b-471c-8113-4b4d5119787b","(206) 555-9538","arleneh","S-1-5-21-331390976-2650875657-2422772959-1942","Huff","Huff","Strategy Consultant",
"Marketing","CN=Pieter Wycoff","True","Pieter","pieterw@contoso.com","CN=Kelly Krout","Pieter Wycoff","user","f276117d-795e-464f-be3c-80385f7c1f66","(206) 555-9269","pieterw","S-1-5-21-331390976-2650875657-2422772959-1943","Wycoff","Wycoff","Marketing Specialist",
"Engineering Operations","CN=Erwin Zischka","True","Erwin","erwinz@contoso.com","CN=Carol Troup","Erwin Zischka","user","2d81b25a-4841-48ec-a283-8001181e3f88","(206) 555-8835","erwinz","S-1-5-21-331390976-2650875657-2422772959-1944","Zischka","Zischka","Engineer",
"Operations","CN=Lukas Keller","True","Lukas","lukask@contoso.com","CN=Erika Cheley","Lukas Keller","user","a6f257e6-b2a2-404b-8327-179f0279f3ac","(206) 555-3556","lukask","S-1-5-21-331390976-2650875657-2422772959-1945","Keller","Keller","Manager",
"Operations","CN=Ken Ewert","True","Ken","kene@contoso.com","CN=Erika Cheley","Ken Ewert","user","115f290d-6bdc-4de9-b0e4-790c5c440127","(206) 555-7698","kene","S-1-5-21-331390976-2650875657-2422772959-1946","Ewert","Ewert","Manager",
"Operations","CN=Justin Thorp","True","Justin","justint@contoso.com","CN=Erika Cheley","Justin Thorp","user","dda79200-5c91-4359-a871-19943799fa5b","(206) 555-1393","justint","S-1-5-21-331390976-2650875657-2422772959-1947","Thorp","Thorp","Manager",
"Operations","CN=Jon Grande","True","Jon","jong@contoso.com","CN=Erika Cheley","Jon Grande","user","496e3974-291c-4a49-add5-3b9a2da18ec6","(206) 555-7649","jong","S-1-5-21-331390976-2650875657-2422772959-1948","Grande","Grande","Manager",
"Operations","CN=Jo Berry","True","Jo","job@contoso.com","CN=Ben Spain","Jo Berry","user","e2bab5fd-4aa5-4d26-8f8f-17ba4b163dd7","(206) 555-9867","job","S-1-5-21-331390976-2650875657-2422772959-1949","Berry","Berry","Manager",
"Operations","CN=Hans Gufler","True","Hans","hansg@contoso.com","CN=Ben Spain","Hans Gufler","user","24f7f219-4e58-4478-ab5b-0c6f3e901831","(206) 555-1298","hansg","S-1-5-21-331390976-2650875657-2422772959-1950","Gufler","Gufler","Manager",
"Operations","CN=David Bradley","True","David","davidb1@contoso.com","CN=Ben Spain","David Bradley","user","94b0053a-e3d2-4bcd-974d-bf16903480b5","(206) 555-5934","davidb1","S-1-5-21-331390976-2650875657-2422772959-1951","Bradley","Bradley","Manager",
"Operations","CN=Marie Dubois","True","Marie","maried@contoso.com","CN=Arturo Lopez","Marie Dubois","user","7cee8e85-e3cf-4b6f-84ec-fac89107e957","(206) 555-5567","maried","S-1-5-21-331390976-2650875657-2422772959-1952","Dubois","Dubois","IT Manager",
"Operations","CN=Kevin Kennedy","True","Kevin","kevink@contoso.com","CN=Arturo Lopez","Kevin Kennedy","user","abe8e04a-d2cf-4513-b6f3-bd4b3f83d0ae","(206) 555-7455","kevink","S-1-5-21-331390976-2650875657-2422772959-1953","Kennedy","Kennedy","IT Manager",
"Operations","CN=Kai Axford","True","Kai","kaia@contoso.com","CN=Arturo Lopez","Kai Axford","user","db494dc0-7737-43e8-8c15-5d004cad6e15","(206) 555-9541","kaia","S-1-5-21-331390976-2650875657-2422772959-1954","Axford","Axford","IT Manager",
"Sales","CN=Manish Chopra","True","Manish","manishc@contoso.com","CN=Lene Aalling","Manish Chopra","user","805a6755-468a-4064-a72a-2e7b50611f8e","(413) 555-3855","manishc","S-1-5-21-331390976-2650875657-2422772959-1955","Chopra","Chopra","Salesperson",
"Marketing","CN=Sunil Uppal","True","Sunil","sunilu@contoso.com","CN=Kelly Krout","Sunil Uppal","user","06ae3442-d45c-4434-bcbc-8fffc563159c","(206) 555-2416","sunilu","S-1-5-21-331390976-2650875657-2422772959-1956","Uppal","Uppal","Public Relations Specialist",
"Sales","CN=Luis Bonifaz","True","Luis","luisb@contoso.com","CN=Arthur Yasinski","Luis Bonifaz","user","6938e863-6bcd-4c01-a4c9-9731a62ea24e","(108) 5-7862","luisb","S-1-5-21-331390976-2650875657-2422772959-1957","Bonifaz","Bonifaz","Salesperson",
"Sales","CN=Kevin Verboort","True","Kevin","kevinv@contoso.com","CN=Arthur Yasinski","Kevin Verboort","user","e19dc78a-e677-4d14-b73d-16ea5ad2c3f0","(206) 555-3654","kevinv","S-1-5-21-331390976-2650875657-2422772959-1958","Verboort","Verboort","Salesperson",
"Marketing","CN=Christian Jene","True","Christian","christj@contoso.com","CN=Kelly Krout","Christian Jene","user","cf154fe7-9cdf-41f6-b875-437e5017faac","(206) 555-8834","christj","S-1-5-21-331390976-2650875657-2422772959-1959","Jene","Jene","Marketing Specialist",
"Marketing","CN=Felipe Martins","True","Felipe","felipem@contoso.com","CN=Kelly Krout","Felipe Martins","user","6b3088e0-bb66-4e34-b1a1-26ccf714a0a2","(206) 555-2312","felipem","S-1-5-21-331390976-2650875657-2422772959-1960","Martins","Martins","Marketing Specialist",
"Marketing","CN=John Evans","True","John","johnev@contoso.com","CN=Kelly Krout","John Evans","user","061929ec-ccb5-407a-ad08-95d26d8cef92","(206) 555-8951","johnev","S-1-5-21-331390976-2650875657-2422772959-1961","Evans","Evans","Marketing Specialist",
"Operations","CN=Heinrich Fischer","True","Heinrich","heinrif@contoso.com","CN=Arturo Lopez","Heinrich Fischer","user","5e9619e6-7db9-49b1-b02d-74e7f13e9804","(206) 555-3325","heinrif","S-1-5-21-331390976-2650875657-2422772959-1962","Fischer","Fischer","IT Manager",
"Sales","CN=Kirk Nason","True","Kirk","kirkj@contoso.com","CN=Jose Saraiva","Kirk Nason","user","330d3d4c-179a-4c71-9b45-7a94d702b535","(91) 555-8595","kirkj","S-1-5-21-331390976-2650875657-2422772959-1963","Nason","Nason","Salesperson",
"Operations","CN=Brian Cox","True","Brian","brianc@contoso.com","CN=Keith Dishmo","Brian Cox","user","8857777c-5356-480d-bde8-7c23032db281","(206) 555-4515","brianc","S-1-5-21-331390976-2650875657-2422772959-1964","Cox","Cox","Procurement Manager",
"Sales","CN=Patricia Doyle","True","Patricia","patricd@contoso.com","CN=Lene Aalling","Patricia Doyle","user","c021f93c-6083-4fe8-8354-01406e5dc9a2","(312) 555-9181","patricd","S-1-5-21-331390976-2650875657-2422772959-1965","Doyle","Doyle","Salesperson",
"Sales","CN=Ron Gabel","True","Ron","rong@contoso.com","CN=April Stewart","Ron Gabel","user","5b97edec-c8a4-44cb-93a9-2994c538296f","(617) 555-2429","rong","S-1-5-21-331390976-2650875657-2422772959-1966","Gabel","Gabel","Salesperson",
"Sales","CN=Shmuel Yair","True","Shmuel","shmuely@contoso.com","CN=David Simpson","Shmuel Yair","user","87baf3ad-a775-4d5c-8a10-4c0d5fb0619c","(404) 555-2693","shmuely","S-1-5-21-331390976-2650875657-2422772959-1967","Yair","Yair","Salesperson",
"Marketing","CN=Phyllis Harris","True","Phyllis","phyllih@contoso.com","CN=Kelly Krout","Phyllis Harris","user","40ca4888-5bf2-46d7-a822-e727c49aa184","(206) 555-1214","phyllih","S-1-5-21-331390976-2650875657-2422772959-1968","Harris","Harris","Marketing Specialist",
"Sales","CN=Jenny Lysaker","True","Jenny","jennyl@contoso.com","CN=April Stewart","Jenny Lysaker","user","a28e6030-6acc-4ca3-b715-88685ff511d5","(860) 555-4516","jennyl","S-1-5-21-331390976-2650875657-2422772959-1969","Lysaker","Lysaker","Salesperson",
"Marketing","CN=Jordao Moreno","True","Jordao","jordaom@contoso.com","CN=Kelly Krout","Jordao Moreno","user","5d8b4d1b-baa0-4805-9f0d-e2b68d462b4e","(206) 555-6811","jordaom","S-1-5-21-331390976-2650875657-2422772959-1970","Moreno","Moreno","Marketing Specialist",
"Sales","CN=Josh Edwards","True","Josh","joshe@contoso.com","CN=Lene Aalling","Josh Edwards","user","50711537-215b-474b-aba0-1e13a1f398ea","(026) 555-8454","joshe","S-1-5-21-331390976-2650875657-2422772959-1971","Edwards","Edwards","Salesperson",
"Marketing","CN=Chris Johnson","True","Chris","chrisj@contoso.com","CN=Kelly Krout","Chris Johnson","user","f92c1baa-0038-4247-be68-12043fcc34e3","(206) 555-9000","chrisj","S-1-5-21-331390976-2650875657-2422772959-1999","Johnson","Johnson","Marketing Specialist",
"Operations","CN=Kris Johnsen","True","Kris","krisj@contoso.com","CN=Arturo Lopez","Kris Johnsen","user","d64b8476-3c5f-4caf-af6f-9a0f1c51d19f","(206) 555-9001","krisj","S-1-5-21-331390976-2650875657-2422772959-2000","Johnsen","Johnsen","IT Manager",
"Accounting","CN=Chris Johnson [FINANCE]","True","Chris","chrisjoh@contoso.com","CN=Karim Manar","Chris Johnson [FINANCE]","user","41e97533-89f7-45d7-8246-eaa449b5651d","(206) 555-9002","chrisjoh","S-1-5-21-331390976-2650875657-2422772959-2001","Johnson","Johnson","Accountant",
"Engineering Operations","CN=Chris F. Johnson","True","Chris","chrisjohn@contoso.com","CN=Carol Troup","Chris F. Johnson","user","b3da460c-6191-4725-b08d-52bba48a574f","(206) 555-9003","chrisjohn","S-1-5-21-331390976-2650875657-2422772959-2002","Johnson","Johnson","Senior Engineer",
"Human Resources","CN=Chris Johnson [SALES]","True","Chris","chrisjohns@contoso.com","CN=April Stewart","Chris Johnson [SALES]","user","67b42b6c-6bd8-40e2-a622-fe69eacd3d47","(206) 555-9004","chrisjohns","S-1-5-21-331390976-2650875657-2422772959-2003","Johnson","Johnson","Salesperson",
